<metadata xml:lang="en"><Esri><CreaDate>20200305</CreaDate><CreaTime>14440100</CreaTime><ArcGISFormat>1.0</ArcGISFormat><ArcGISstyle>FGDC CSDGM Metadata</ArcGISstyle><SyncOnce>FALSE</SyncOnce><DataProperties><lineage><Process ToolSource="c:\program files (x86)\arcgis\desktop10.5\ArcToolbox\Toolboxes\Data Management Tools.tbx\CalculateField" Date="20200305" Time="144401" Name="" export="">CalculateField EDGE_GEOCODE_PUBLICLEA_1819 PCTRURAL41 [PCT_RURAL4] VB #</Process><Process ToolSource="c:\program files (x86)\arcgis\desktop10.5\ArcToolbox\Toolboxes\Data Management Tools.tbx\CalculateField" Date="20200305" Time="144605" Name="" export="">CalculateField EDGE_GEOCODE_PUBLICLEA_1819 PCTRURAL42 [PCT_RURAL0] VB #</Process><Process ToolSource="c:\program files (x86)\arcgis\desktop10.5\ArcToolbox\Toolboxes\Data Management Tools.tbx\CalculateField" Date="20200305" Time="144723" Name="" export="">CalculateField EDGE_GEOCODE_PUBLICLEA_1819 PCTRURAL43 [PCT_RURAL1] VB #</Process></lineage><itemProps><itemName Sync="TRUE">EDGE_GEOCODE_PUBLICLEA_1819</itemName><imsContentType Sync="TRUE" export="False">002</imsContentType><nativeExtBox><westBL Sync="TRUE">-170.682766</westBL><eastBL Sync="TRUE">144.818373</eastBL><southBL Sync="TRUE">-14.278038</southBL><northBL Sync="TRUE">71.291244</northBL><exTypeCode Sync="TRUE">1</exTypeCode></nativeExtBox><itemSize Sync="TRUE">0.529</itemSize><itemLocation><linkage Sync="TRUE">file://\\econ007fs\g\GEOCODE\ASSIGN_1819\CCD1A\DATA\FINAL\EDGE_GEOCODE_PUBLICLEA_1819.shp</linkage><protocol Sync="TRUE">Local Area Network</protocol></itemLocation></itemProps><coordRef><type Sync="TRUE">Geographic</type><geogcsn Sync="TRUE">GCS_North_American_1983</geogcsn><csUnits Sync="TRUE">Angular Unit: Degree (0.017453)</csUnits><peXml Sync="TRUE">&lt;GeographicCoordinateSystem xsi:type='typens:GeographicCoordinateSystem' xmlns:xsi='http://www.w3.org/2001/XMLSchema-instance' xmlns:xs='http://www.w3.org/2001/XMLSchema' xmlns:typens='http://www.esri.com/schemas/ArcGIS/10.5'&gt;&lt;WKT&gt;GEOGCS[&amp;quot;GCS_North_American_1983&amp;quot;,DATUM[&amp;quot;D_North_American_1983&amp;quot;,SPHEROID[&amp;quot;GRS_1980&amp;quot;,6378137.0,298.257222101]],PRIMEM[&amp;quot;Greenwich&amp;quot;,0.0],UNIT[&amp;quot;Degree&amp;quot;,0.0174532925199433],AUTHORITY[&amp;quot;EPSG&amp;quot;,4269]]&lt;/WKT&gt;&lt;XOrigin&gt;-400&lt;/XOrigin&gt;&lt;YOrigin&gt;-400&lt;/YOrigin&gt;&lt;XYScale&gt;11258999068426.238&lt;/XYScale&gt;&lt;ZOrigin&gt;-100000&lt;/ZOrigin&gt;&lt;ZScale&gt;10000&lt;/ZScale&gt;&lt;MOrigin&gt;-100000&lt;/MOrigin&gt;&lt;MScale&gt;10000&lt;/MScale&gt;&lt;XYTolerance&gt;8.9831528411952133e-009&lt;/XYTolerance&gt;&lt;ZTolerance&gt;0.001&lt;/ZTolerance&gt;&lt;MTolerance&gt;0.001&lt;/MTolerance&gt;&lt;HighPrecision&gt;true&lt;/HighPrecision&gt;&lt;LeftLongitude&gt;-180&lt;/LeftLongitude&gt;&lt;WKID&gt;4269&lt;/WKID&gt;&lt;LatestWKID&gt;4269&lt;/LatestWKID&gt;&lt;/GeographicCoordinateSystem&gt;</peXml></coordRef></DataProperties><SyncDate>20200310</SyncDate><SyncTime>08420800</SyncTime><ModDate>20200310</ModDate><ModTime>10243000</ModTime><scaleRange><minScale>150000000</minScale><maxScale>5000</maxScale></scaleRange><ArcGISProfile>FGDC</ArcGISProfile></Esri><dataIdInfo><envirDesc Sync="TRUE"> Version 6.2 (Build 9200) ; Esri ArcGIS 10.5.1.7333</envirDesc><dataLang><languageCode value="eng" Sync="TRUE"/><countryCode value="USA" Sync="TRUE"/></dataLang><idCitation xmlns=""><resTitle Sync="TRUE">EDGE_GEOCODE_PUBLICLEA_1819</resTitle><presForm xmlns=""><PresFormCd value="005" Sync="TRUE"/></presForm><citRespParty xmlns=""><rpIndName>Douglas Geverdt</rpIndName><rpOrgName>National Center for Education Statistics</rpOrgName><rpPosName>Administrative Data Division</rpPosName><role><RoleCd value="006"/></role><rpCntInfo xmlns=""><cntAddress addressType="postal"><delPoint>550 12th St SW, #4038</delPoint><city>Washington</city><adminArea>DC</adminArea><postCode>20202</postCode><eMailAdd>Douglas.Geverdt@ed.gov</eMailAdd><country>US</country></cntAddress><cntPhone><voiceNum tddtty="">202-245-8230</voiceNum></cntPhone></rpCntInfo></citRespParty></idCitation><spatRpType><SpatRepTypCd value="001" Sync="TRUE"/></spatRpType><dataExt xmlns=""><geoEle xmlns=""><GeoBndBox esriExtentType="search"><exTypeCode Sync="TRUE">1</exTypeCode><westBL Sync="TRUE">-170.682766</westBL><eastBL Sync="TRUE">144.818373</eastBL><northBL Sync="TRUE">71.291244</northBL><southBL Sync="TRUE">-14.278038</southBL></GeoBndBox></geoEle></dataExt><idPurp>Point locations of public elementary, secondary, and unified school district offices from the 2018-2019 Common Core of Data created by the National Center for Education Statistics' (NCES) Education Demographic and Geographic Estimates (EDGE) program.</idPurp><idAbs>&lt;DIV STYLE="text-align:Left;"&gt;&lt;DIV&gt;&lt;DIV&gt;&lt;P&gt;&lt;SPAN&gt;The National Center for Education Statistics' (NCES) Education Demographic and Geographic Estimate (EDGE) program develops annually updated point locations (latitude and longitude) for public elementary, secondary, and unified school district offices included in the NCES Common Core of Data (CCD). The CCD program annually collects administrative and fiscal data about all public schools, school districts, and state education agencies in the United States. The data are supplied by state education agency officials and include basic directory and contact information for schools and school districts, as well as characteristics about student demographics, number of teachers, school grade span, and various other administrative conditions. The CCD program also provides fiscal data about school district revenues and expenditures. CCD school and agency point locations are derived from reported information about the physical location of schools and agency administrative offices. The NCES EDGE program collaborates with the U.S. Census Bureau's Education Demographic, Geographic, and Economic Statistics (EDGE) Branch to develop point locations for schools reported in the annual CCD directory file. The point locations in this data layer were developed from the 2018-2019 CCD collection. For more information about NCES school point data, see: https://nces.ed.gov/programs/edge/Geographic/SchoolLocations.&lt;/SPAN&gt;&lt;/P&gt;&lt;P&gt;&lt;SPAN /&gt;&lt;/P&gt;&lt;/DIV&gt;&lt;/DIV&gt;&lt;/DIV&gt;</idAbs><idCredit>NCES EDGE</idCredit><searchKeys><keyword>Common Core of Data</keyword><keyword>CCD</keyword><keyword>Public School Districts</keyword><keyword>Local Education Agencies</keyword><keyword>National Center for Education Statistics</keyword><keyword>NCES</keyword><keyword>Public School District Office Locations</keyword><keyword>U.S. Census Bureau</keyword><keyword>Education Demographic and Geographic Estimates Program</keyword><keyword>EDGE</keyword><keyword>Points</keyword><keyword>United States</keyword></searchKeys><resConst><Consts><useLimit>&lt;DIV STYLE="text-align:Left;"&gt;&lt;DIV&gt;&lt;DIV&gt;&lt;P&gt;&lt;SPAN&gt;All information contained in this file is in the public domain. Data users are advised to review NCES program documentation and feature class metadata to understand the limitations and appropriate use of these data.&lt;/SPAN&gt;&lt;/P&gt;&lt;/DIV&gt;&lt;/DIV&gt;&lt;/DIV&gt;</useLimit></Consts></resConst><dataExt xmlns=""><exDesc>2018-2019 school year</exDesc><tempEle><TempExtent><exTemp><TM_Period xmlns=""><tmBegin>2018-07-15T00:00:00</tmBegin><tmEnd>2019-07-14T00:00:00</tmEnd></TM_Period></exTemp></TempExtent></tempEle></dataExt><dataChar><CharSetCd value="004"/></dataChar><idStatus><ProgCd value="004"/></idStatus><resMaint xmlns=""><maintFreq><MaintFreqCd value="008"/></maintFreq><maintCont xmlns=""><rpIndName>Douglas Geverdt</rpIndName><rpOrgName>National Center for Education Statistics</rpOrgName><rpPosName>Administrative Data Division</rpPosName><role><RoleCd value="006"/></role><rpCntInfo><cntAddress addressType="postal"><delPoint>550 12th St SW, #4038</delPoint><city>Washington</city><adminArea>DC</adminArea><postCode>20202</postCode><eMailAdd>Douglas.Geverdt@ed.gov</eMailAdd><country>US</country></cntAddress><cntPhone><voiceNum tddtty="">202-245-8230</voiceNum></cntPhone></rpCntInfo><displayName>Douglas Geverdt</displayName></maintCont></resMaint></dataIdInfo><mdLang><languageCode value="eng" Sync="TRUE"/><countryCode value="USA" Sync="TRUE"/></mdLang><mdChar><CharSetCd value="004" Sync="TRUE"/></mdChar><distInfo><distFormat><formatName Sync="TRUE">Shapefile</formatName></distFormat><distTranOps><transSize Sync="TRUE">0.529</transSize></distTranOps></distInfo><mdHrLv><ScopeCd value="005" Sync="TRUE"/></mdHrLv><mdHrLvName Sync="TRUE">dataset</mdHrLvName><refSysInfo><RefSystem><refSysID><identCode code="4269" Sync="TRUE"/><idCodeSpace Sync="TRUE">EPSG</idCodeSpace><idVersion Sync="TRUE">6.12(3.0.1)</idVersion></refSysID></RefSystem></refSysInfo><spatRepInfo><VectSpatRep><geometObjs Name="EDGE_GEOCODE_PUBLICLEA_1819"><geoObjTyp><GeoObjTypCd value="004" Sync="TRUE"/></geoObjTyp><geoObjCnt Sync="TRUE">19801</geoObjCnt></geometObjs><topLvl><TopoLevCd value="001" Sync="TRUE"/></topLvl></VectSpatRep></spatRepInfo><spdoinfo><ptvctinf><esriterm Name="EDGE_GEOCODE_PUBLICLEA_1819"><efeatyp Sync="TRUE">Simple</efeatyp><efeageom code="1" Sync="TRUE"/><esritopo Sync="TRUE">FALSE</esritopo><efeacnt Sync="TRUE">19801</efeacnt><spindex Sync="TRUE">FALSE</spindex><linrefer Sync="TRUE">FALSE</linrefer></esriterm></ptvctinf></spdoinfo><eainfo><detailed Name="EDGE_GEOCODE_PUBLICLEA_1819" xmlns=""><enttyp><enttypl Sync="TRUE">EDGE_GEOCODE_PUBLICLEA_1819</enttypl><enttypt Sync="TRUE">Feature Class</enttypt><enttypc Sync="TRUE">19801</enttypc><enttypd>Public elementary, secondary, and unified school district offices for the 2018-2019 school year</enttypd><enttypds>NCES Common Core of Data</enttypds></enttyp><attr xmlns=""><attrlabl Sync="TRUE">FID</attrlabl><attalias Sync="TRUE">FID</attalias><attrtype Sync="TRUE">OID</attrtype><attwidth Sync="TRUE">4</attwidth><atprecis Sync="TRUE">0</atprecis><attscale Sync="TRUE">0</attscale><attrdef Sync="TRUE">Internal feature number.</attrdef><attrdefs Sync="TRUE">Esri</attrdefs><attrdomv><udom Sync="TRUE">Sequential unique whole numbers that are automatically generated.</udom></attrdomv></attr><attr xmlns=""><attrlabl Sync="TRUE">Shape</attrlabl><attalias Sync="TRUE">Shape</attalias><attrtype Sync="TRUE">Geometry</attrtype><attwidth Sync="TRUE">0</attwidth><atprecis Sync="TRUE">0</atprecis><attscale Sync="TRUE">0</attscale><attrdef Sync="TRUE">Feature geometry.</attrdef><attrdefs Sync="TRUE">Esri</attrdefs><attrdomv><udom Sync="TRUE">Coordinates defining the features.</udom></attrdomv></attr><attr xmlns=""><attrlabl Sync="TRUE">LEAID</attrlabl><attalias Sync="TRUE">LEAID</attalias><attrtype Sync="TRUE">String</attrtype><attwidth Sync="TRUE">7</attwidth><atprecis Sync="TRUE">0</atprecis><attscale Sync="TRUE">0</attscale><attrdef>School district identification number</attrdef><attrdefs>National Center for Education Statistics</attrdefs><attrdomv><udom>These IDs are 7 digit numbers assigned by the National Center for Education Statistics.</udom></attrdomv></attr><attr xmlns=""><attrlabl Sync="TRUE">NAME</attrlabl><attalias Sync="TRUE">NAME</attalias><attrtype Sync="TRUE">String</attrtype><attwidth Sync="TRUE">60</attwidth><atprecis Sync="TRUE">0</atprecis><attscale Sync="TRUE">0</attscale><attrdef>Local Education Agency name</attrdef><attrdefs>Local Education Agency</attrdefs><attrdomv><udom>This data is represented as reported in the Common Core of Data, and as such does not necessarily fall into any particular specified domain.</udom></attrdomv></attr><attr xmlns=""><attrlabl Sync="TRUE">OPSTFIPS</attrlabl><attalias Sync="TRUE">OPSTFIPS</attalias><attrtype Sync="TRUE">String</attrtype><attwidth Sync="TRUE">2</attwidth><atprecis Sync="TRUE">0</atprecis><attscale Sync="TRUE">0</attscale><attrdef>LEA reported operating state</attrdef><attrdefs>Local Education Agency</attrdefs><attrdomv><codesetd xmlns=""><codesetn>National Standard Codes (ANSI INCITS 38-2009), Federal Information Processing Series (FIPS) - States/State Equivalents</codesetn><codesets>U.S. Census Bureau</codesets></codesetd></attrdomv></attr><attr xmlns=""><attrlabl Sync="TRUE">STREET</attrlabl><attalias Sync="TRUE">STREET</attalias><attrtype Sync="TRUE">String</attrtype><attwidth Sync="TRUE">60</attwidth><atprecis Sync="TRUE">0</atprecis><attscale Sync="TRUE">0</attscale><attrdef>Reported location address</attrdef><attrdefs>Local Education Agency</attrdefs><attrdomv><udom>This data is represented as reported in the Common Core of Data, and as such does not necessarily fall into any particular specified domain.</udom></attrdomv></attr><attr xmlns=""><attrlabl Sync="TRUE">CITY</attrlabl><attalias Sync="TRUE">CITY</attalias><attrtype Sync="TRUE">String</attrtype><attwidth Sync="TRUE">30</attwidth><atprecis Sync="TRUE">0</atprecis><attscale Sync="TRUE">0</attscale><attrdef>Reported location city</attrdef><attrdefs>Local Education Agency</attrdefs><attrdomv><udom>This data is represented as reported in the Common Core of Data, and as such does not necessarily fall into any particular specified domain.</udom></attrdomv></attr><attr xmlns=""><attrlabl Sync="TRUE">STATE</attrlabl><attalias Sync="TRUE">STATE</attalias><attrtype Sync="TRUE">String</attrtype><attwidth Sync="TRUE">2</attwidth><atprecis Sync="TRUE">0</atprecis><attscale Sync="TRUE">0</attscale><attrdef>Reported location state</attrdef><attrdefs>Local Education Agency</attrdefs><attrdomv><udom>This data is represented as reported in the Common Core of Data and is not corrected by EDGE if it falls outside of the universe of United States state and territory codes.</udom></attrdomv></attr><attr xmlns=""><attrlabl Sync="TRUE">ZIP</attrlabl><attalias Sync="TRUE">ZIP</attalias><attrtype Sync="TRUE">String</attrtype><attwidth Sync="TRUE">5</attwidth><atprecis Sync="TRUE">0</atprecis><attscale Sync="TRUE">0</attscale><attrdef>Reported location ZIP code</attrdef><attrdefs>Local Education Agency</attrdefs><attrdomv><udom>This data is represented as reported in the Common Core of Data and is not corrected by EDGE if it falls outside of the universe of United States ZIP codes.</udom></attrdomv></attr><attr xmlns=""><attrlabl Sync="TRUE">STFIP</attrlabl><attalias Sync="TRUE">STFIP</attalias><attrtype Sync="TRUE">String</attrtype><attwidth Sync="TRUE">2</attwidth><atprecis Sync="TRUE">0</atprecis><attscale Sync="TRUE">0</attscale><attrdef>Location State FIPS code</attrdef><attrdefs>U.S. Census Bureau</attrdefs><attrdomv><codesetd xmlns=""><codesetn>National Standard Codes (ANSI INCITS 38-2009), Federal Information Processing Series (FIPS) - States/State Equivalent</codesetn><codesets>U.S. Census Bureau</codesets></codesetd></attrdomv></attr><attr xmlns=""><attrlabl Sync="TRUE">CNTY</attrlabl><attalias Sync="TRUE">CNTY</attalias><attrtype Sync="TRUE">String</attrtype><attwidth Sync="TRUE">5</attwidth><atprecis Sync="TRUE">0</atprecis><attscale Sync="TRUE">0</attscale><attrdef>County FIPS</attrdef><attrdefs>U.S. Census Bureau</attrdefs><attrdomv><codesetd xmlns=""><codesetn>National Standard Codes (ANSI INCITS 31-2009), Federal Information Processing Series (FIPS) - Counties/County Equivalents</codesetn><codesets>U.S. Census Bureau</codesets></codesetd></attrdomv></attr><attr xmlns=""><attrlabl Sync="TRUE">NMCNTY</attrlabl><attalias Sync="TRUE">NMCNTY</attalias><attrtype Sync="TRUE">String</attrtype><attwidth Sync="TRUE">100</attwidth><atprecis Sync="TRUE">0</atprecis><attscale Sync="TRUE">0</attscale><attrdef>Current name and the translated legal/statistical area description for county</attrdef><attrdefs>U.S. Census Bureau</attrdefs><attrvai><attrva>The NMCNTY attribute is a concatenation of the county name followed by the translated legal/statistical area description.</attrva></attrvai><attrdomv><codesetd xmlns=""><codesetn>National Standard Codes (ANSI INCITS 31-2009), Federal Information Processing Series (FIPS) - Counties/County Equivalents</codesetn><codesets>U.S. Census Bureau</codesets></codesetd></attrdomv></attr><attr xmlns=""><attrlabl Sync="TRUE">LAT</attrlabl><attalias Sync="TRUE">LAT</attalias><attrtype Sync="TRUE">Double</attrtype><attwidth Sync="TRUE">19</attwidth><atprecis Sync="TRUE">0</atprecis><attscale Sync="TRUE">0</attscale><attrdef>Latitude of LEA office location</attrdef><attrdefs>U.S. Census Bureau</attrdefs><attrdomv><rdom xmlns=""><rdommin>-90</rdommin><rdommax>90</rdommax></rdom></attrdomv></attr><attr xmlns=""><attrlabl Sync="TRUE">LON</attrlabl><attalias Sync="TRUE">LON</attalias><attrtype Sync="TRUE">Double</attrtype><attwidth Sync="TRUE">19</attwidth><atprecis Sync="TRUE">0</atprecis><attscale Sync="TRUE">0</attscale><attrdef>Longitude of LEA office location</attrdef><attrdefs>U.S. Census Bureau</attrdefs><attrdomv><rdom xmlns=""><rdommin>-180</rdommin><rdommax>180</rdommax></rdom></attrdomv></attr><attr xmlns=""><attrlabl Sync="TRUE">CBSA</attrlabl><attalias Sync="TRUE">CBSA</attalias><attrtype Sync="TRUE">String</attrtype><attwidth Sync="TRUE">5</attwidth><atprecis Sync="TRUE">0</atprecis><attscale Sync="TRUE">0</attscale><attrdef>Current metropolitan/micropolitan statistical area code</attrdef><attrdefs>Office of Management and Budget</attrdefs><attrvai><attrva>A value of N indicates that the school is not in a CBSA</attrva></attrvai><attrdomv><rdom xmlns=""><rdommin>10000</rdommin><rdommax>49999</rdommax></rdom></attrdomv></attr><attr xmlns=""><attrlabl Sync="TRUE">NMCBSA</attrlabl><attalias Sync="TRUE">NMCBSA</attalias><attrtype Sync="TRUE">String</attrtype><attwidth Sync="TRUE">100</attwidth><atprecis Sync="TRUE">0</atprecis><attscale Sync="TRUE">0</attscale><attrdef>Current metropolitan/micropolitan statistical area name</attrdef><attrdefs>Office of Management and Budget</attrdefs><attrvai><attrva>A value of N indicates that the school is not located in a CBSA</attrva></attrvai><attrdomv><udom>CBSA names are defined by the Office of Management and Budget and updated periodically</udom></attrdomv></attr><attr xmlns=""><attrlabl Sync="TRUE">CBSATYPE</attrlabl><attalias Sync="TRUE">CBSATYPE</attalias><attrtype Sync="TRUE">String</attrtype><attwidth Sync="TRUE">1</attwidth><atprecis Sync="TRUE">0</atprecis><attscale Sync="TRUE">0</attscale><attrdef>Current metropolitan/micropolitan status indicator</attrdef><attrdefs>U.S. Census Bureau</attrdefs><attrdomv><edom xmlns=""><edomv>1</edomv><edomvd>Metropolitan</edomvd><edomvds>U.S. Census Bureau</edomvds></edom><edom xmlns=""><edomv>2</edomv><edomvd>Micropolitan</edomvd><edomvds>U.S. Census Bureau</edomvds></edom><edom xmlns=""><edomv>0</edomv><edomvd>Not in a Metropolitan or Micropolitan Statistical Area</edomvd><edomvds>U.S. Census Bureau</edomvds></edom></attrdomv></attr><attr xmlns=""><attrlabl Sync="TRUE">CSA</attrlabl><attalias Sync="TRUE">CSA</attalias><attrtype Sync="TRUE">String</attrtype><attwidth Sync="TRUE">3</attwidth><atprecis Sync="TRUE">0</atprecis><attscale Sync="TRUE">0</attscale><attrdef>Current combined statistical area code</attrdef><attrdefs>Office of Management and Budget</attrdefs><attrvai><attrva>A value of N indicates that the school is not located in a CSA</attrva></attrvai><attrdomv><rdom xmlns=""><rdommin>100</rdommin><rdommax>599</rdommax></rdom></attrdomv></attr><attr xmlns=""><attrlabl Sync="TRUE">NMCSA</attrlabl><attalias Sync="TRUE">NMCSA</attalias><attrtype Sync="TRUE">String</attrtype><attwidth Sync="TRUE">100</attwidth><atprecis Sync="TRUE">0</atprecis><attscale Sync="TRUE">0</attscale><attrdef>Current combined statistical area name</attrdef><attrdefs>Office of Management and Budget</attrdefs><attrvai><attrva>A value of N indicates that the school is not located in a CSA</attrva></attrvai><attrdomv><udom>CSA names are defined by the Office of Management and Budget and updated periodically</udom></attrdomv></attr><attr xmlns=""><attrlabl Sync="TRUE">NECTA</attrlabl><attalias Sync="TRUE">NECTA</attalias><attrtype Sync="TRUE">String</attrtype><attwidth Sync="TRUE">5</attwidth><atprecis Sync="TRUE">0</atprecis><attscale Sync="TRUE">0</attscale><attrdef>Current New England City and Town Area code</attrdef><attrdefs>Office of Management and Budget</attrdefs><attrvai><attrva>A value of N indicates that the school is not located in a NECTA</attrva></attrvai><attrdomv><rdom xmlns=""><rdommin>70000</rdommin><rdommax>79999</rdommax></rdom></attrdomv></attr><attr xmlns=""><attrlabl Sync="TRUE">NMNECTA</attrlabl><attalias Sync="TRUE">NMNECTA</attalias><attrtype Sync="TRUE">String</attrtype><attwidth Sync="TRUE">100</attwidth><atprecis Sync="TRUE">0</atprecis><attscale Sync="TRUE">0</attscale><attrdef>Current New England City and Town Area name</attrdef><attrdefs>Office of Management and Budget</attrdefs><attrvai><attrva>A value of N indicates that the school is not located in a NECTA</attrva></attrvai><attrdomv><udom>NECTA names are defined by the Office of Management and Budget and updated periodically</udom></attrdomv></attr><attr xmlns=""><attrlabl Sync="TRUE">CD</attrlabl><attalias Sync="TRUE">CD</attalias><attrtype Sync="TRUE">String</attrtype><attwidth Sync="TRUE">4</attwidth><atprecis Sync="TRUE">0</atprecis><attscale Sync="TRUE">0</attscale><attrdef>116th Congressional District identifier, a concatenation of state FIPS code and the 116th Congressional District FIPS code</attrdef><attrdefs>U.S. Census Bureau</attrdefs><attrvai><attrva>A value of N indicates that Congressional District is Not Applicable for this school</attrva></attrvai><attrdomv><codesetd xmlns=""><codesetn>The CD attribute is a concatenation of the state FIPS code followed by the CD FIPS code. No spaces are allowed between the two codes. The State FIPS code is taken from "National Standard Codes (ANSI INCITS 38-2009), Federal Information Processing Series (FIPS) - States." The CD FIPS code is taken from "National Standard Codes (ANSI INCITS 455-2009), Federal Information Processing Series (FIPS) - Congressional Districts."</codesetn><codesets>U.S. Census Bureau</codesets></codesetd></attrdomv></attr><attr xmlns=""><attrlabl Sync="TRUE">SLDL</attrlabl><attalias Sync="TRUE">SLDL</attalias><attrtype Sync="TRUE">String</attrtype><attwidth Sync="TRUE">5</attwidth><atprecis Sync="TRUE">0</atprecis><attscale Sync="TRUE">0</attscale><attrdef>State legislative district (lower chamber) identifier, a concatenation of state FIPS code and the SLDL code</attrdef><attrdefs>U.S. Census Bureau</attrdefs><attrvai><attrva>A value of N indicates that SLDL is Not Applicable for this school</attrva></attrvai><attrdomv><codesetd xmlns=""><codesetn>The SLDL attribute is a concatenation of the state FIPS code followed by the SLDL code. The state FIPS code is taken from "National Standard Codes (ANSI INCITS 38-2009), Federal Information Processing Series (FIPS) - States." The SLDL code consists of any ASCII alphabetic or numeric character combination plus hyphens. A code of ZZZ represents a state legislative district (lower chamber) that has not been defined.</codesetn><codesets>U.S. Census Bureau</codesets></codesetd></attrdomv></attr><attr xmlns=""><attrlabl Sync="TRUE">SLDU</attrlabl><attalias Sync="TRUE">SLDU</attalias><attrtype Sync="TRUE">String</attrtype><attwidth Sync="TRUE">5</attwidth><atprecis Sync="TRUE">0</atprecis><attscale Sync="TRUE">0</attscale><attrdef>State legislative district (upper chamber) identifier, a concatenation of state FIPS code and the SLDU code</attrdef><attrdefs>U.S. Census Bureau</attrdefs><attrvai><attrva>A value of N indicates that SLDU is Not Applicable for this school</attrva></attrvai><attrdomv><codesetd xmlns=""><codesetn>The SLDU attribute is a concatenation of the state FIPS code followed by the SLDU code. The state FIPS code is taken from "National Standard Codes (ANSI INCITS 38-2009), Federal Information Processing Series (FIPS) - States." The SLDU code consists of any ASCII alphabetic or numeric character combination plus hyphens. A code of ZZZ represents a state legislative district (upper chamber) that has not been defined.</codesetn><codesets>U.S. Census Bureau</codesets></codesetd></attrdomv></attr><attr xmlns=""><attrlabl Sync="TRUE">SCHOOLYEAR</attrlabl><attalias Sync="TRUE">SCHOOLYEAR</attalias><attrtype Sync="TRUE">String</attrtype><attwidth Sync="TRUE">9</attwidth><atprecis Sync="TRUE">0</atprecis><attscale Sync="TRUE">0</attscale><attrdef>School academic year</attrdef><attrdefs>National Center for Education Statistics</attrdefs><attrdomv><edom xmlns=""><edomv>2018-2019</edomv><edomvd>2018-2019 School Year</edomvd><edomvds>National Center for Education Statistics</edomvds></edom></attrdomv></attr><attr xmlns=""><attrlabl Sync="TRUE">LOCALE</attrlabl><attalias Sync="TRUE">LOCALE</attalias><attrtype Sync="TRUE">String</attrtype><attwidth Sync="TRUE">2</attwidth><atprecis Sync="TRUE">0</atprecis><attscale Sync="TRUE">0</attscale><attrdef>NCES Locale Code</attrdef><attrdefs>National Center for Education Statistics, U.S. Census Bureau</attrdefs><attrdomv><edom xmlns=""><edomv>11</edomv><edomvd>City, Large</edomvd><edomvds>National Center for Education Statistics</edomvds></edom><edom xmlns=""><edomv>12</edomv><edomvd>City, Midsize</edomvd><edomvds>National Center for Education Statistics</edomvds></edom><edom xmlns=""><edomv>13</edomv><edomvd>City, Small</edomvd><edomvds>National Center for Education Statistics</edomvds></edom><edom xmlns=""><edomv>21</edomv><edomvd>Suburban, Large</edomvd><edomvds>National Center for Education Statistics</edomvds></edom><edom xmlns=""><edomv>22</edomv><edomvd>Suburban, Midsize</edomvd><edomvds>National Center for Education Statistics</edomvds></edom><edom xmlns=""><edomv>23</edomv><edomvd>Suburban, Small</edomvd><edomvds>National Center for Education Statistics</edomvds></edom><edom xmlns=""><edomv>31</edomv><edomvd>Town, Fringe</edomvd><edomvds>National Center for Education Statistics</edomvds></edom><edom xmlns=""><edomv>32</edomv><edomvd>Town, Distant</edomvd><edomvds>National Center for Education Statistics</edomvds></edom><edom xmlns=""><edomv>33</edomv><edomvd>Town, Remote</edomvd><edomvds>National Center for Education Statistics</edomvds></edom><edom xmlns=""><edomv>41</edomv><edomvd>Rural, Fringe</edomvd><edomvds>National Center for Education Statistics</edomvds></edom><edom xmlns=""><edomv>42</edomv><edomvd>Rural, Distant</edomvd><edomvds>National Center for Education Statistics</edomvds></edom><edom xmlns=""><edomv>43</edomv><edomvd>Rural, Remote</edomvd><edomvds>National Center for Education Statistics</edomvds></edom></attrdomv></attr><attr xmlns=""><attrlabl Sync="TRUE">PCT_CITY11</attrlabl><attalias Sync="TRUE">PCT_CITY11</attalias><attrtype Sync="TRUE">Double</attrtype><attwidth Sync="TRUE">19</attwidth><atprecis Sync="TRUE">0</atprecis><attscale Sync="TRUE">0</attscale><attrdef>Percent of district's enrolled students attending schools in Locale 11 (City, Large)</attrdef><attrdefs>National Center for Education Statistics</attrdefs><attrdomv><rdom xmlns=""><rdommin>0</rdommin><rdommax>100</rdommax></rdom></attrdomv></attr><attr xmlns=""><attrlabl Sync="TRUE">PCT_CITY12</attrlabl><attalias Sync="TRUE">PCT_CITY12</attalias><attrtype Sync="TRUE">Double</attrtype><attwidth Sync="TRUE">19</attwidth><atprecis Sync="TRUE">0</atprecis><attscale Sync="TRUE">0</attscale><attrdef>Percent of district's enrolled students attending schools in Locale 12 (City, Midsize)</attrdef><attrdefs>National Center for Education Statistics</attrdefs><attrdomv><rdom xmlns=""><rdommin>0</rdommin><rdommax>100</rdommax></rdom></attrdomv></attr><attr xmlns=""><attrlabl Sync="TRUE">PCT_CITY13</attrlabl><attalias Sync="TRUE">PCT_CITY13</attalias><attrtype Sync="TRUE">Double</attrtype><attwidth Sync="TRUE">19</attwidth><atprecis Sync="TRUE">0</atprecis><attscale Sync="TRUE">0</attscale><attrdef>Percent of district's enrolled students attending schools in Locale 13 (City, Small)</attrdef><attrdefs>National Center for Education Statistics</attrdefs><attrdomv><rdom xmlns=""><rdommin>0</rdommin><rdommax>100</rdommax></rdom></attrdomv></attr><attr xmlns=""><attrlabl Sync="TRUE">PCT_SUB21</attrlabl><attalias Sync="TRUE">PCT_SUB21</attalias><attrtype Sync="TRUE">Double</attrtype><attwidth Sync="TRUE">19</attwidth><atprecis Sync="TRUE">0</atprecis><attscale Sync="TRUE">0</attscale><attrdef>Percent of district's enrolled students attending schools in Locale 21 (Suburban, Large)</attrdef><attrdefs>National Center for Education Statistics</attrdefs><attrdomv><rdom xmlns=""><rdommin>0</rdommin><rdommax>100</rdommax></rdom></attrdomv></attr><attr xmlns=""><attrlabl Sync="TRUE">PCT_SUB22</attrlabl><attalias Sync="TRUE">PCT_SUB22</attalias><attrtype Sync="TRUE">Double</attrtype><attwidth Sync="TRUE">19</attwidth><atprecis Sync="TRUE">0</atprecis><attscale Sync="TRUE">0</attscale><attrdef>Percent of district's enrolled students attending schools in Locale 22 (Suburban, Midsize)</attrdef><attrdefs>National Center for Education Statistics</attrdefs><attrdomv><rdom xmlns=""><rdommin>0</rdommin><rdommax>100</rdommax></rdom></attrdomv></attr><attr xmlns=""><attrlabl Sync="TRUE">PCT_SUB23</attrlabl><attalias Sync="TRUE">PCT_SUB23</attalias><attrtype Sync="TRUE">Double</attrtype><attwidth Sync="TRUE">19</attwidth><atprecis Sync="TRUE">0</atprecis><attscale Sync="TRUE">0</attscale><attrdef>Percent of district's enrolled students attending schools in Locale 23 (Suburban, Small)</attrdef><attrdefs>National Center for Education Statistics</attrdefs><attrdomv><rdom xmlns=""><rdommin>0</rdommin><rdommax>100</rdommax></rdom></attrdomv></attr><attr xmlns=""><attrlabl Sync="TRUE">PCT_TOWN31</attrlabl><attalias Sync="TRUE">PCT_TOWN31</attalias><attrtype Sync="TRUE">Double</attrtype><attwidth Sync="TRUE">19</attwidth><atprecis Sync="TRUE">0</atprecis><attscale Sync="TRUE">0</attscale><attrdef>Percent of district's enrolled students attending schools in Locale 31 (Town, Fringe)</attrdef><attrdefs>National Center for Education Statistics</attrdefs><attrdomv><rdom xmlns=""><rdommin>0</rdommin><rdommax>100</rdommax></rdom></attrdomv></attr><attr xmlns=""><attrlabl Sync="TRUE">PCT_TOWN32</attrlabl><attalias Sync="TRUE">PCT_TOWN32</attalias><attrtype Sync="TRUE">Double</attrtype><attwidth Sync="TRUE">19</attwidth><atprecis Sync="TRUE">0</atprecis><attscale Sync="TRUE">0</attscale><attrdef>Percent of district's enrolled students attending schools in Locale 32 (Town, Distant)</attrdef><attrdefs>National Center for Education Statistics</attrdefs><attrdomv><rdom xmlns=""><rdommin>0</rdommin><rdommax>100</rdommax></rdom></attrdomv></attr><attr xmlns=""><attrlabl Sync="TRUE">PCT_TOWN33</attrlabl><attalias Sync="TRUE">PCT_TOWN33</attalias><attrtype Sync="TRUE">Double</attrtype><attwidth Sync="TRUE">19</attwidth><atprecis Sync="TRUE">0</atprecis><attscale Sync="TRUE">0</attscale><attrdef>Percent of district's enrolled students attending schools in Locale 33 (Town, Remote)</attrdef><attrdefs>National Center for Education Statistics</attrdefs><attrdomv><rdom xmlns=""><rdommin>0</rdommin><rdommax>100</rdommax></rdom></attrdomv></attr><attr xmlns=""><attrlabl Sync="TRUE">PCTRURAL41</attrlabl><attalias Sync="TRUE">PCTRURAL41</attalias><attrtype Sync="TRUE">Double</attrtype><attwidth Sync="TRUE">19</attwidth><atprecis Sync="TRUE">0</atprecis><attscale Sync="TRUE">0</attscale><attrdef>Percent of district's enrolled students attending schools in Locale 41 (Rural, Fringe)</attrdef><attrdefs>National Center for Education Statistics</attrdefs><attrdomv><rdom xmlns=""><rdommin>0</rdommin><rdommax>100</rdommax></rdom></attrdomv></attr><attr xmlns=""><attrlabl Sync="TRUE">PCTRURAL42</attrlabl><attalias Sync="TRUE">PCTRURAL42</attalias><attrtype Sync="TRUE">Double</attrtype><attwidth Sync="TRUE">19</attwidth><atprecis Sync="TRUE">0</atprecis><attscale Sync="TRUE">0</attscale><attrdef>Percent of district's enrolled students attending schools in Locale 42 (Rural, Distant)</attrdef><attrdefs>National Center for Education Statistics</attrdefs><attrdomv><rdom xmlns=""><rdommin>0</rdommin><rdommax>100</rdommax></rdom></attrdomv></attr><attr xmlns=""><attrlabl Sync="TRUE">PCTRURAL43</attrlabl><attalias Sync="TRUE">PCTRURAL43</attalias><attrtype Sync="TRUE">Double</attrtype><attwidth Sync="TRUE">19</attwidth><atprecis Sync="TRUE">0</atprecis><attscale Sync="TRUE">0</attscale><attrdef>Percent of district's enrolled students attending schools in Locale 43 (Rural, Remote)</attrdef><attrdefs>National Center for Education Statistics</attrdefs><attrdomv><rdom xmlns=""><rdommin>0</rdommin><rdommax>100</rdommax></rdom></attrdomv></attr></detailed></eainfo><mdDateSt Sync="TRUE">20200310</mdDateSt><dqInfo xmlns=""><dqScope><scpLvl><ScopeCd value="005"/></scpLvl></dqScope><report type="DQConcConsis" dimension="" xmlns=""><measDesc>EDGE performed automated tests to ensure logical consistency and limits of the shapefiles. Standard geographic codes, such as FIPS codes for states, counties, state legislative districts, and congressional districts are used when encoding spatial entities. EDGE performed spatial data tests for logical consistency of the codes during the creation of the shapefiles. Most of the codes for geographic entities except states, counties, Core Based Statistical Areas (CBSAs), Combined Statistical Areas (CSAs), New England City and Town Areas (NECTAs), state legislative districts, and congressional districts were provided to the Census Bureau by the USGS, the agency responsible for maintaining the Geographic Names Information System (GNIS). Feature attribute information has been examined but has not been fully tested for consistency.</measDesc></report><report type="DQCompOm" dimension="" xmlns=""><measDesc>Data completeness of the CCD school shapefile reflects the contents of the CCD universe at the time the shapefile was created.</measDesc></report><dataLineage><prcStep xmlns=""><stepDesc>Run SAS scripts to perform spatial data tests for logical consistency of the codes during the creation of the shapefiles.</stepDesc><stepDateTm>2020-03-05T00:00:00</stepDateTm><stepProc xmlns=""><rpIndName>Douglas Geverdt</rpIndName><rpOrgName>National Center for Education Statistics</rpOrgName><rpPosName>Administrative Data Division</rpPosName><role><RoleCd value="006"/></role><rpCntInfo><cntAddress addressType="postal"><delPoint>550 12th St SW, #4038</delPoint><city>Washington</city><adminArea>DC</adminArea><postCode>20202</postCode><eMailAdd>Douglas.Geverdt@ed.gov</eMailAdd><country>US</country></cntAddress><cntPhone><voiceNum tddtty="">202-245-8230</voiceNum></cntPhone></rpCntInfo><displayName>Douglas Geverdt</displayName></stepProc></prcStep></dataLineage></dqInfo><mdContact xmlns=""><rpIndName>Douglas Geverdt</rpIndName><rpOrgName>National Center for Education Statistics</rpOrgName><rpPosName>Administrative Data Division</rpPosName><role><RoleCd value="006"/></role><rpCntInfo><cntAddress addressType="postal"><delPoint>550 12th St SW, #4038</delPoint><city>Washington</city><adminArea>DC</adminArea><postCode>20202</postCode><eMailAdd>Douglas.Geverdt@ed.gov</eMailAdd><country>US</country></cntAddress><cntPhone><voiceNum tddtty="">202-245-8230</voiceNum></cntPhone></rpCntInfo><editorSave>False</editorSave><displayName>Douglas Geverdt</displayName></mdContact></metadata>
